{
    "Threshold": 0.528,
    "Methodology": "5x2cv Paired t-Test (Dietterich, 1998)",
    "Paired_T_Test": {
        "F1": {
            "T_Statistic": -0.8129335148089253,
            "P_Value": 0.45321020926352096
        },
        "ROC_AUC": {
            "T_Statistic": -0.7414551738270461,
            "P_Value": 0.49175210573047556
        }
    },
    "Bootstrap_1000_Trials": {
        "F1": {
            "Mean": 0.5638512074372529,
            "Std": 0.02373643354353845,
            "CI_Lower": 0.5170571395854804,
            "CI_Upper": 0.6076474264541761
        },
        "ROC_AUC": {
            "Mean": 0.8403706342935127,
            "Std": 0.011351136198877218,
            "CI_Lower": 0.8169480324175877,
            "CI_Upper": 0.8622973176263671
        }
    }
}